codigo;archivo;imagen_url;url_origen
102;CHICLE FIERITA RECARGADO MENTA X50U (cod 102 ).jpeg;/static/productos_img/CHICLE FIERITA RECARGADO MENTA X50U (cod 102 ).jpeg;https://blending.com.ar/elproveedorvirtual/img/Q0hJQ0xFIEZJRVJJVEEgUkVDQVJHQURPIE1FTlRBIFg1MFUgKGNvZDogMTAyICk=.jpeg
103;CHICLE FIERITA RECARGADO TUTTI FRUTTI X50U (cod 103 ).jpeg;/static/productos_img/CHICLE FIERITA RECARGADO TUTTI FRUTTI X50U (cod 103 ).jpeg;https://blending.com.ar/elproveedorvirtual/img/Q0hJQ0xFIEZJRVJJVEEgUkVDQVJHQURPIFRVVFRJIEZSVVRUSSBYNTBVIChjb2Q6IDEwMyAp.jpeg
104;CHICLE FIERITA MENTA X100U (cod 104 ).jpeg;/static/productos_img/CHICLE FIERITA MENTA X100U (cod 104 ).jpeg;https://blending.com.ar/elproveedorvirtual/img/Q0hJQ0xFIEZJRVJJVEEgTUVOVEEgWDEwMFUgKGNvZDogMTA0ICk=.jpeg
105;CHICLE FIERITA TUTTI X100U (cod 105 ).jpeg;/static/productos_img/CHICLE FIERITA TUTTI X100U (cod 105 ).jpeg;https://blending.com.ar/elproveedorvirtual/img/Q0hJQ0xFIEZJRVJJVEEgVFVUVEkgWDEwMFUgKGNvZDogMTA1ICk=.jpeg
115;CHICLE OPEN CANDY MAESTROS DEL TERROR C TATOO X 50 (cod 115 ).jpeg;/static/productos_img/CHICLE OPEN CANDY MAESTROS DEL TERROR C TATOO X 50 (cod 115 ).jpeg;https://blending.com.ar/elproveedorvirtual/img/Q0hJQ0xFIE9QRU4gQ0FORFkgTUFFU1RST1MgREVMIFRFUlJPUiBDL1RBVE9PIFggNTAgKGNvZDogMTE1ICk=.jpeg
140;BELDENT FRESH SPARKS MENTAx20u (cod 140 ).jpeg;/static/productos_img/BELDENT FRESH SPARKS MENTAx20u (cod 140 ).jpeg;https://blending.com.ar/elproveedorvirtual/img/QkVMREVOVCBGUkVTSCBTUEFSS1MgTUVOVEF4MjB1IChjb2Q6IDE0MCAp.jpeg
141;BELDENT FRESH SPARKS MTA.Fx20u (cod 141 ).jpeg;/static/productos_img/BELDENT FRESH SPARKS MTA.Fx20u (cod 141 ).jpeg;https://blending.com.ar/elproveedorvirtual/img/QkVMREVOVCBGUkVTSCBTUEFSS1MgTVRBLkZ4MjB1IChjb2Q6IDE0MSAp.jpeg
142;BELDENT FRESH SPARKS MENTOx20u (cod 142 ).jpeg;/static/productos_img/BELDENT FRESH SPARKS MENTOx20u (cod 142 ).jpeg;https://blending.com.ar/elproveedorvirtual/img/QkVMREVOVCBGUkVTSCBTUEFSS1MgTUVOVE94MjB1IChjb2Q6IDE0MiAp.jpeg
143;BELDENT FRESH SPARKS FRUTIx20u (cod 143 ).jpeg;/static/productos_img/BELDENT FRESH SPARKS FRUTIx20u (cod 143 ).jpeg;https://blending.com.ar/elproveedorvirtual/img/QkVMREVOVCBGUkVTSCBTUEFSS1MgRlJVVEl4MjB1IChjb2Q6IDE0MyAp.jpeg
144;TOP LINE SEVEN MENTA (cod 144 ).jpeg;/static/productos_img/TOP LINE SEVEN MENTA (cod 144 ).jpeg;https://blending.com.ar/elproveedorvirtual/img/VE9QIExJTkUgU0VWRU4gTUVOVEEgKGNvZDogMTQ0ICk=.jpeg
200;GOMITAS YUMMY OSITOS ACIDOS X 500 GR (cod 200 ).jpeg;/static/productos_img/GOMITAS YUMMY OSITOS ACIDOS X 500 GR (cod 200 ).jpeg;https://blending.com.ar/elproveedorvirtual/img/R09NSVRBUyBZVU1NWSBPU0lUT1MgQUNJRE9TIFggNTAwIEdSIChjb2Q6IDIwMCAp.jpeg
201;GOMITAS YUMMY OSITOS X 500 GR (cod 201 ).jpeg;/static/productos_img/GOMITAS YUMMY OSITOS X 500 GR (cod 201 ).jpeg;https://blending.com.ar/elproveedorvirtual/img/R09NSVRBUyBZVU1NWSBPU0lUT1MgWCA1MDAgR1IgKGNvZDogMjAxICk=.jpeg
202;GOMITAS YUMMY FRUTILLITAS CON CREMA X 500 GR (cod 202 ).jpeg;/static/productos_img/GOMITAS YUMMY FRUTILLITAS CON CREMA X 500 GR (cod 202 ).jpeg;https://blending.com.ar/elproveedorvirtual/img/R09NSVRBUyBZVU1NWSBGUlVUSUxMSVRBUyBDT04gQ1JFTUEgWCA1MDAgR1IgKGNvZDogMjAyICk=.jpeg
203;GOMITAS YUMMY 100 PIES ACIDAS X 500 GR (cod 203 ).jpeg;/static/productos_img/GOMITAS YUMMY 100 PIES ACIDAS X 500 GR (cod 203 ).jpeg;https://blending.com.ar/elproveedorvirtual/img/R09NSVRBUyBZVU1NWSAxMDAgUElFUyBBQ0lEQVMgWCA1MDAgR1IgKGNvZDogMjAzICk=.jpeg
204;GOMITAS YUMMY SANDIA X500GR (cod 204 ).jpeg;/static/productos_img/GOMITAS YUMMY SANDIA X500GR (cod 204 ).jpeg;https://blending.com.ar/elproveedorvirtual/img/R09NSVRBUyBZVU1NWSBTQU5ESUEgIFg1MDBHUiAoY29kOiAyMDQgKQ==.jpeg
205;YUMMY BANANITAS BOLSA....x500g (cod 205 ).jpeg;/static/productos_img/YUMMY BANANITAS BOLSA....x500g (cod 205 ).jpeg;https://blending.com.ar/elproveedorvirtual/img/WVVNTVkgQkFOQU5JVEFTIEJPTFNBLi4uLng1MDBnIChjb2Q6IDIwNSAp.jpeg
206;GOMITAS YUMMY MORITAS X500G (cod 206 ).jpeg;/static/productos_img/GOMITAS YUMMY MORITAS X500G (cod 206 ).jpeg;https://blending.com.ar/elproveedorvirtual/img/R09NSVRBUyBZVU1NWSBNT1JJVEFTIFg1MDBHIChjb2Q6IDIwNiAp.jpeg
207;GOMITAS YUMMY DIENTITOS X 500 GR (cod 207 ).jpeg;/static/productos_img/GOMITAS YUMMY DIENTITOS X 500 GR (cod 207 ).jpeg;https://blending.com.ar/elproveedorvirtual/img/R09NSVRBUyBZVU1NWSBESUVOVElUT1MgWCA1MDAgR1IgKGNvZDogMjA3ICk=.jpeg
208;YUMMY HUEVOS FRITOS BOLSA.x500g (cod 208 ).jpeg;/static/productos_img/YUMMY HUEVOS FRITOS BOLSA.x500g (cod 208 ).jpeg;https://blending.com.ar/elproveedorvirtual/img/WVVNTVkgSFVFVk9TIEZSSVRPUyBCT0xTQS54NTAwZyAoY29kOiAyMDggKQ==.jpeg
209;YUMMY BOTELLITAS BOLSA...x500g (cod 209 ).jpeg;/static/productos_img/YUMMY BOTELLITAS BOLSA...x500g (cod 209 ).jpeg;https://blending.com.ar/elproveedorvirtual/img/WVVNTVkgQk9URUxMSVRBUyBCT0xTQS4uLng1MDBnIChjb2Q6IDIwOSAp.jpeg
220;YUMMY ANIMALITOS X 12 UND (cod 220 ).jpeg;/static/productos_img/YUMMY ANIMALITOS X 12 UND (cod 220 ).jpeg;https://blending.com.ar/elproveedorvirtual/img/WVVNTVkgQU5JTUFMSVRPUyBYIDEyIFVORCAoY29kOiAyMjAgKQ==.jpeg
221;YUMMY DINO X 12 UND (cod 221 ).jpeg;/static/productos_img/YUMMY DINO X 12 UND (cod 221 ).jpeg;https://blending.com.ar/elproveedorvirtual/img/WVVNTVkgRElOTyBYIDEyIFVORCAoY29kOiAyMjEgKQ==.jpeg
222;YUMMY FRUTITAS X 12 UND (cod 222 ).jpeg;/static/productos_img/YUMMY FRUTITAS X 12 UND (cod 222 ).jpeg;https://blending.com.ar/elproveedorvirtual/img/WVVNTVkgRlJVVElUQVMgWCAxMiBVTkQgKGNvZDogMjIyICk=.jpeg
223;YUMMY OSITOS ACIDOS X 12 UND (cod 223 ).jpeg;/static/productos_img/YUMMY OSITOS ACIDOS X 12 UND (cod 223 ).jpeg;https://blending.com.ar/elproveedorvirtual/img/WVVNTVkgT1NJVE9TIEFDSURPUyBYIDEyIFVORCAoY29kOiAyMjMgKQ==.jpeg
224;YUMMY OSITOS X 12 UND (cod 224 ).jpeg;/static/productos_img/YUMMY OSITOS X 12 UND (cod 224 ).jpeg;https://blending.com.ar/elproveedorvirtual/img/WVVNTVkgT1NJVE9TIFggMTIgVU5EIChjb2Q6IDIyNCAp.jpeg
225;YUMMY PECECITOS X 12 UND (cod 225 ).jpeg;/static/productos_img/YUMMY PECECITOS X 12 UND (cod 225 ).jpeg;https://blending.com.ar/elproveedorvirtual/img/WVVNTVkgUEVDRUNJVE9TIFggMTIgVU5EIChjb2Q6IDIyNSAp.jpeg
226;YUMMY PIECITOS ACIDOS X 12 UND (cod 226 ).jpeg;/static/productos_img/YUMMY PIECITOS ACIDOS X 12 UND (cod 226 ).jpeg;https://blending.com.ar/elproveedorvirtual/img/WVVNTVkgUElFQ0lUT1MgQUNJRE9TIFggMTIgVU5EIChjb2Q6IDIyNiAp.jpeg
230;GOMA FANTASIA MISKY .......x1k (cod 230 ).jpeg;/static/productos_img/GOMA FANTASIA MISKY .......x1k (cod 230 ).jpeg;https://blending.com.ar/elproveedorvirtual/img/R09NQSBGQU5UQVNJQSBNSVNLWSAuLi4uLi4ueDFrIChjb2Q6IDIzMCAp.jpeg
231;GOMA JELLY ROLL MISKY......x1k (cod 231 ).jpeg;/static/productos_img/GOMA JELLY ROLL MISKY......x1k (cod 231 ).jpeg;https://blending.com.ar/elproveedorvirtual/img/R09NQSBKRUxMWSBST0xMIE1JU0tZLi4uLi4ueDFrIChjb2Q6IDIzMSAp.jpeg
232;GOMA EUCALIPTUS MISKY......x1k (cod 232 ).jpeg;/static/productos_img/GOMA EUCALIPTUS MISKY......x1k (cod 232 ).jpeg;https://blending.com.ar/elproveedorvirtual/img/R09NQSBFVUNBTElQVFVTIE1JU0tZLi4uLi4ueDFrIChjb2Q6IDIzMiAp.jpeg
240;GOMAS LA PIÑATA HUESOS ACIDOS X 700 GR (cod 240 ).jpeg;/static/productos_img/GOMAS LA PIÑATA HUESOS ACIDOS X 700 GR (cod 240 ).jpeg;https://blending.com.ar/elproveedorvirtual/img/R09NQVMgTEEgUEnDkUFUQSBIVUVTT1MgQUNJRE9TIFggNzAwIEdSIChjb2Q6IDI0MCAp.jpeg
241;GOMAS LA PIÑATA ANILLOS X 700 GR (cod 241 ).jpeg;/static/productos_img/GOMAS LA PIÑATA ANILLOS X 700 GR (cod 241 ).jpeg;https://blending.com.ar/elproveedorvirtual/img/R09NQVMgTEEgUEnDkUFUQSBBTklMTE9TIFggNzAwIEdSIChjb2Q6IDI0MSAp.jpeg
250;GOMA BULL DOG.REGALIZ SANDIA CJAx12u (cod 250 ).jpeg;/static/productos_img/GOMA BULL DOG.REGALIZ SANDIA CJAx12u (cod 250 ).jpeg;https://blending.com.ar/elproveedorvirtual/img/R09NQSBCVUxMIERPRy5SRUdBTElaIFNBTkRJQSBDSkF4MTJ1IChjb2Q6IDI1MCAp.jpeg
251;GOMA BULL DOG.REGALIZ FRUT.CJAx12u (cod 251 ).jpeg;/static/productos_img/GOMA BULL DOG.REGALIZ FRUT.CJAx12u (cod 251 ).jpeg;https://blending.com.ar/elproveedorvirtual/img/R09NQSBCVUxMIERPRy5SRUdBTElaIEZSVVQuQ0pBeDEydSAoY29kOiAyNTEgKQ==.jpeg
252;GOMA BULL DOG.REGALIZ TUTTI F.CJAx12u (cod 252 ).jpeg;/static/productos_img/GOMA BULL DOG.REGALIZ TUTTI F.CJAx12u (cod 252 ).jpeg;https://blending.com.ar/elproveedorvirtual/img/R09NQSBCVUxMIERPRy5SRUdBTElaIFRVVFRJIEYuQ0pBeDEydSAoY29kOiAyNTIgKQ==.jpeg
253;GOMA BULL DOG.REGALIZ FRAMB.CJAx12u (cod 253 ).jpeg;/static/productos_img/GOMA BULL DOG.REGALIZ FRAMB.CJAx12u (cod 253 ).jpeg;https://blending.com.ar/elproveedorvirtual/img/R09NQSBCVUxMIERPRy5SRUdBTElaIEZSQU1CLkNKQXgxMnUgKGNvZDogMjUzICk=.jpeg
254;ROLLO GOMITA BILLIKEN FRUTx12u (cod 254 ).jpeg;/static/productos_img/ROLLO GOMITA BILLIKEN FRUTx12u (cod 254 ).jpeg;https://blending.com.ar/elproveedorvirtual/img/Uk9MTE8gR09NSVRBIEJJTExJS0VOIEZSVVR4MTJ1IChjb2Q6IDI1NCAp.jpeg
260;(12ux35g)GOMA MISKY ROLL...... (cod 260 ).jpeg;/static/productos_img/(12ux35g)GOMA MISKY ROLL...... (cod 260 ).jpeg;https://blending.com.ar/elproveedorvirtual/img/KDEydXgzNWcpR09NQSBNSVNLWSBST0xMLi4uLi4uIChjb2Q6IDI2MCAp.jpeg
266;MOGUL MORAS X 500G (cod 266 ).jpeg;/static/productos_img/MOGUL MORAS X 500G (cod 266 ).jpeg;https://blending.com.ar/elproveedorvirtual/img/TU9HVUwgTU9SQVMgWCA1MDBHIChjb2Q6IDI2NiAp.jpeg
267;MOGUL DIENTES X 500G (cod 267 ).jpeg;/static/productos_img/MOGUL DIENTES X 500G (cod 267 ).jpeg;https://blending.com.ar/elproveedorvirtual/img/TU9HVUwgRElFTlRFUyBYIDUwMEcgKGNvZDogMjY3ICk=.jpeg
268;MOGUL FRUTILLAS CON CREMA X 500G (cod 268 ).jpeg;/static/productos_img/MOGUL FRUTILLAS CON CREMA X 500G (cod 268 ).jpeg;https://blending.com.ar/elproveedorvirtual/img/TU9HVUwgRlJVVElMTEFTIENPTiBDUkVNQSBYIDUwMEcgKGNvZDogMjY4ICk=.jpeg
269;MOGUL EXTREME SANDIA X 500G (cod 269 ).jpeg;/static/productos_img/MOGUL EXTREME SANDIA X 500G (cod 269 ).jpeg;https://blending.com.ar/elproveedorvirtual/img/TU9HVUwgRVhUUkVNRSBTQU5ESUEgIFggNTAwRyAoY29kOiAyNjkgKQ==.jpeg
270;MOGUL EXTREME LADRILLOS X 500G (cod 270 ).jpeg;/static/productos_img/MOGUL EXTREME LADRILLOS X 500G (cod 270 ).jpeg;https://blending.com.ar/elproveedorvirtual/img/TU9HVUwgRVhUUkVNRSBMQURSSUxMT1MgWCA1MDBHIChjb2Q6IDI3MCAp.jpeg
271;MOGUL EXTREME LADRILLOS MIX FRUTAL X 500G (cod 271 ).jpeg;/static/productos_img/MOGUL EXTREME LADRILLOS MIX FRUTAL X 500G (cod 271 ).jpeg;https://blending.com.ar/elproveedorvirtual/img/TU9HVUwgRVhUUkVNRSBMQURSSUxMT1MgTUlYIEZSVVRBTCBYIDUwMEcgKGNvZDogMjcxICk=.jpeg
272;MOGUL EXTREME TUBITOS FRUTILLA X 500G (cod 272 ).jpeg;/static/productos_img/MOGUL EXTREME TUBITOS FRUTILLA X 500G (cod 272 ).jpeg;https://blending.com.ar/elproveedorvirtual/img/TU9HVUwgRVhUUkVNRSBUVUJJVE9TIEZSVVRJTExBICBYIDUwMEcgKGNvZDogMjcyICk=.jpeg
273;MOGUL EXTREME TUBITOS MIX FRUTAL X 500G (cod 273 ).jpeg;/static/productos_img/MOGUL EXTREME TUBITOS MIX FRUTAL X 500G (cod 273 ).jpeg;https://blending.com.ar/elproveedorvirtual/img/TU9HVUwgRVhUUkVNRSBUVUJJVE9TIE1JWCBGUlVUQUwgWCA1MDBHIChjb2Q6IDI3MyAp.jpeg
274;MOGUL JELLY BEANS X 500G (cod 274 ).jpeg;/static/productos_img/MOGUL JELLY BEANS X 500G (cod 274 ).jpeg;https://blending.com.ar/elproveedorvirtual/img/TU9HVUwgSkVMTFkgQkVBTlMgWCA1MDBHIChjb2Q6IDI3NCAp.jpeg
275;MOGUL EXTREME OSITOS X 500G (cod 275 ).jpeg;/static/productos_img/MOGUL EXTREME OSITOS X 500G (cod 275 ).jpeg;https://blending.com.ar/elproveedorvirtual/img/TU9HVUwgRVhUUkVNRSBPU0lUT1MgWCA1MDBHIChjb2Q6IDI3NSAp.jpeg
276;MOGUL FRUTILLA ACIDA.....x500g (cod 276 ).jpeg;/static/productos_img/MOGUL FRUTILLA ACIDA.....x500g (cod 276 ).jpeg;https://blending.com.ar/elproveedorvirtual/img/TU9HVUwgRlJVVElMTEEgQUNJREEuLi4uLng1MDBnIChjb2Q6IDI3NiAp.jpeg
277;MOGUL OSITOS X 500 (cod 277 ).jpeg;/static/productos_img/MOGUL OSITOS X 500 (cod 277 ).jpeg;https://blending.com.ar/elproveedorvirtual/img/TU9HVUwgT1NJVE9TIFggNTAwIChjb2Q6IDI3NyAp.jpeg
281;GOMAS MOGUL COLA X 12 UNIDADES (cod 281 ).jpeg;/static/productos_img/GOMAS MOGUL COLA X 12 UNIDADES (cod 281 ).jpeg;https://blending.com.ar/elproveedorvirtual/img/R09NQVMgTU9HVUwgQ09MQSBYIDEyIFVOSURBREVTIChjb2Q6IDI4MSAp.jpeg
282;YUMMY OJITOS CAJA.....x360g (cod 282 ).jpeg;/static/productos_img/YUMMY OJITOS CAJA.....x360g (cod 282 ).jpeg;https://blending.com.ar/elproveedorvirtual/img/WVVNTVkgT0pJVE9TIENBSkEuLi4uLngzNjBnIChjb2Q6IDI4MiAp.jpeg
283;CARAM.GOMA JELLY STICKS FRUT.x10u (cod 283 ).jpeg;/static/productos_img/CARAM.GOMA JELLY STICKS FRUT.x10u (cod 283 ).jpeg;https://blending.com.ar/elproveedorvirtual/img/Q0FSQU0uR09NQSBKRUxMWSBTVElDS1MgRlJVVC54MTB1IChjb2Q6IDI4MyAp.jpeg
284;YUMMY ROLLO SURTIDOSx12u (cod 284 ).jpeg;/static/productos_img/YUMMY ROLLO SURTIDOSx12u (cod 284 ).jpeg;https://blending.com.ar/elproveedorvirtual/img/WVVNTVkgUk9MTE8gU1VSVElET1N4MTJ1IChjb2Q6IDI4NCAp.jpeg
285;GOMITA DOCILE MIX DULCE ACIDO.x500g (cod 285 ).jpeg;/static/productos_img/GOMITA DOCILE MIX DULCE ACIDO.x500g (cod 285 ).jpeg;https://blending.com.ar/elproveedorvirtual/img/R09NSVRBIERPQ0lMRSBNSVggRFVMQ0UvQUNJRE8ueDUwMGcgKGNvZDogMjg1ICk=.jpeg
286;GOMITA DOCILE GAJOS SURTIDO..x500g (cod 286 ).jpeg;/static/productos_img/GOMITA DOCILE GAJOS SURTIDO..x500g (cod 286 ).jpeg;https://blending.com.ar/elproveedorvirtual/img/R09NSVRBIERPQ0lMRSBHQUpPUyBTVVJUSURPLi54NTAwZyAoY29kOiAyODYgKQ==.jpeg
287;GOMITA DOCILE CONITO SINO SURTIDO..x500g (cod 287 ).jpeg;/static/productos_img/GOMITA DOCILE CONITO SINO SURTIDO..x500g (cod 287 ).jpeg;https://blending.com.ar/elproveedorvirtual/img/R09NSVRBIERPQ0lMRSBDT05JVE8gU0lOTyBTVVJUSURPLi54NTAwZyAoY29kOiAyODcgKQ==.jpeg
302;MR.POPS EVOLUTION CEREZA..x24u (cod 302 ).jpeg;/static/productos_img/MR.POPS EVOLUTION CEREZA..x24u (cod 302 ).jpeg;https://blending.com.ar/elproveedorvirtual/img/TVIuUE9QUyBFVk9MVVRJT04gQ0VSRVpBLi54MjR1IChjb2Q6IDMwMiAp.jpeg
303;MR.POPS EVOLUT.BLUE BERRY.x24u (cod 303 ).jpeg;/static/productos_img/MR.POPS EVOLUT.BLUE BERRY.x24u (cod 303 ).jpeg;https://blending.com.ar/elproveedorvirtual/img/TVIuUE9QUyBFVk9MVVQuQkxVRSBCRVJSWS54MjR1IChjb2Q6IDMwMyAp.jpeg
304;MR.POPS EVOLUTION EXTREME.x24u (cod 304 ).jpeg;/static/productos_img/MR.POPS EVOLUTION EXTREME.x24u (cod 304 ).jpeg;https://blending.com.ar/elproveedorvirtual/img/TVIuUE9QUyBFVk9MVVRJT04gRVhUUkVNRS54MjR1IChjb2Q6IDMwNCAp.jpeg
305;MR.POPS ARQUIT.FTAL.......x50u (cod 305 ).jpeg;/static/productos_img/MR.POPS ARQUIT.FTAL.......x50u (cod 305 ).jpeg;https://blending.com.ar/elproveedorvirtual/img/TVIuUE9QUyBBUlFVSVQuRlRBTC4uLi4uLi54NTB1IChjb2Q6IDMwNSAp.jpeg
307;CHUPETIN MAST. TATOO FRUTILLA X50U (cod 307 ).jpeg;/static/productos_img/CHUPETIN MAST. TATOO FRUTILLA X50U (cod 307 ).jpeg;https://blending.com.ar/elproveedorvirtual/img/Q0hVUEVUSU4gTUFTVC4gVEFUT08gRlJVVElMTEEgWDUwVSAoY29kOiAzMDcgKQ==.jpeg
308;CHUPETIN MAST. TATOO TUTTI FRUT X50U (cod 308 ).jpeg;/static/productos_img/CHUPETIN MAST. TATOO TUTTI FRUT X50U (cod 308 ).jpeg;https://blending.com.ar/elproveedorvirtual/img/Q0hVUEVUSU4gTUFTVC4gVEFUT08gVFVUVEkgRlJVVCBYNTBVIChjb2Q6IDMwOCAp.jpeg
309;CHUPETIN MASTICABLE PINTA LENGUA X 50UND (cod 309 ).jpeg;/static/productos_img/CHUPETIN MASTICABLE PINTA LENGUA X 50UND (cod 309 ).jpeg;https://blending.com.ar/elproveedorvirtual/img/Q0hVUEVUSU4gTUFTVElDQUJMRSBQSU5UQSBMRU5HVUEgWCA1MFVORCAoY29kOiAzMDkgKQ==.jpeg
310;CHUPETIN PUSH POP.........x20u (cod 310 ).jpeg;/static/productos_img/CHUPETIN PUSH POP.........x20u (cod 310 ).jpeg;https://blending.com.ar/elproveedorvirtual/img/Q0hVUEVUSU4gUFVTSCBQT1AuLi4uLi4uLi54MjB1IChjb2Q6IDMxMCAp.jpeg
311;CHUPETIN PICO-DULCE.......x48u (cod 311 ).jpeg;/static/productos_img/CHUPETIN PICO-DULCE.......x48u (cod 311 ).jpeg;https://blending.com.ar/elproveedorvirtual/img/Q0hVUEVUSU4gUElDTy1EVUxDRS4uLi4uLi54NDh1IChjb2Q6IDMxMSAp.jpeg
312;CRAZY BULL DOG CHUPETIN + POLVO X 10 UND (cod 312 ).jpeg;/static/productos_img/CRAZY BULL DOG CHUPETIN + POLVO X 10 UND (cod 312 ).jpeg;https://blending.com.ar/elproveedorvirtual/img/Q1JBWlkgQlVMTCBET0cgQ0hVUEVUSU4gKyBQT0xWTyBYIDEwIFVORCAoY29kOiAzMTIgKQ==.jpeg
400;MASTICABLE SURTIDO MISKY X 800gs (cod 400 ).jpeg;/static/productos_img/MASTICABLE SURTIDO MISKY X 800gs (cod 400 ).jpeg;https://blending.com.ar/elproveedorvirtual/img/TUFTVElDQUJMRSBTVVJUSURPIE1JU0tZIFggODAwZ3MgKGNvZDogNDAwICk=.jpeg
402;(x32u)MAST.LENGUETAZO T.FRUTI... (cod 402 ).jpeg;/static/productos_img/(x32u)MAST.LENGUETAZO T.FRUTI... (cod 402 ).jpeg;https://blending.com.ar/elproveedorvirtual/img/KHgzMnUpTUFTVC5MRU5HVUVUQVpPIFQuRlJVVEkuLi4gKGNvZDogNDAyICk=.jpeg
404;PALITO DE LA SELVA.......x660g (cod 404 ).jpeg;/static/productos_img/PALITO DE LA SELVA.......x660g (cod 404 ).jpeg;https://blending.com.ar/elproveedorvirtual/img/UEFMSVRPIERFIExBIFNFTFZBLi4uLi4uLng2NjBnIChjb2Q6IDQwNCAp.jpeg
406;CARAM.FLYNN PAFF TUTTI....x70u (cod 406 ).jpeg;/static/productos_img/CARAM.FLYNN PAFF TUTTI....x70u (cod 406 ).jpeg;https://blending.com.ar/elproveedorvirtual/img/Q0FSQU0uRkxZTk4gUEFGRiBUVVRUSS4uLi54NzB1IChjb2Q6IDQwNiAp.jpeg
407;MASTICABLE BILLIKEN YOGURT (cod 407 ).jpeg;/static/productos_img/MASTICABLE BILLIKEN YOGURT (cod 407 ).jpeg;https://blending.com.ar/elproveedorvirtual/img/TUFTVElDQUJMRSBCSUxMSUtFTiBZT0dVUlQgKGNvZDogNDA3ICk=.jpeg
408;MASTICABLE BULLDOG X 700G (cod 408 ).jpeg;/static/productos_img/MASTICABLE BULLDOG X 700G (cod 408 ).jpeg;https://blending.com.ar/elproveedorvirtual/img/TUFTVElDQUJMRSBCVUxMRE9HIFggNzAwRyAoY29kOiA0MDggKQ==.jpeg
409;CARAM.MAST.DROPSY SELVA..x700g (cod 409 ).jpeg;/static/productos_img/CARAM.MAST.DROPSY SELVA..x700g (cod 409 ).jpeg;https://blending.com.ar/elproveedorvirtual/img/Q0FSQU0uTUFTVC5EUk9QU1kgU0VMVkEuLng3MDBnIChjb2Q6IDQwOSAp.jpeg
501;PASTILLAS BULL DOG UVA X12U (cod 501 ).jpeg;/static/productos_img/PASTILLAS BULL DOG UVA X12U (cod 501 ).jpeg;https://blending.com.ar/elproveedorvirtual/img/UEFTVElMTEFTIEJVTEwgRE9HIFVWQSBYMTJVIChjb2Q6IDUwMSAp.jpeg
504;PASTILLAS BULL DOG MIX TUITTI FRUTTI ACIDA X12U (cod 504 ).jpeg;/static/productos_img/PASTILLAS BULL DOG MIX TUITTI FRUTTI ACIDA X12U (cod 504 ).jpeg;https://blending.com.ar/elproveedorvirtual/img/UEFTVElMTEFTIEJVTEwgRE9HIE1JWCBUVUlUVEkgRlJVVFRJIEFDSURBIFgxMlUgKGNvZDogNTA0ICk=.jpeg
505;PASTILLAS BULL DOG SANDIA ACIDA X 12 UND (cod 505 ).jpeg;/static/productos_img/PASTILLAS BULL DOG SANDIA ACIDA X 12 UND (cod 505 ).jpeg;https://blending.com.ar/elproveedorvirtual/img/UEFTVElMTEFTIEJVTEwgRE9HIFNBTkRJQSBBQ0lEQSBYIDEyIFVORCAoY29kOiA1MDUgKQ==.jpeg
506;PASTILLAS BULL DOG TUTTI FRUTTI LIMONX 12 UND (cod 506 ).jpeg;/static/productos_img/PASTILLAS BULL DOG TUTTI FRUTTI LIMONX 12 UND (cod 506 ).jpeg;https://blending.com.ar/elproveedorvirtual/img/UEFTVElMTEFTIEJVTEwgRE9HIFRVVFRJIEZSVVRUSSAgTElNT05YIDEyIFVORCAoY29kOiA1MDYgKQ==.jpeg
507;PASTILLAS BULL DOG LIMON EXTREME X12 UND (cod 507 ).jpeg;/static/productos_img/PASTILLAS BULL DOG LIMON EXTREME X12 UND (cod 507 ).jpeg;https://blending.com.ar/elproveedorvirtual/img/UEFTVElMTEFTIEJVTEwgRE9HIExJTU9OIEVYVFJFTUUgWDEyIFVORCAoY29kOiA1MDcgKQ==.jpeg
508;LA YAPA...................x36u (cod 508 ).jpeg;/static/productos_img/LA YAPA...................x36u (cod 508 ).jpeg;https://blending.com.ar/elproveedorvirtual/img/TEEgWUFQQS4uLi4uLi4uLi4uLi4uLi4uLi54MzZ1IChjb2Q6IDUwOCAp.jpeg
509;PASTILLA PUNCH X60U (cod 509 ).jpeg;/static/productos_img/PASTILLA PUNCH X60U (cod 509 ).jpeg;https://blending.com.ar/elproveedorvirtual/img/UEFTVElMTEEgUFVOQ0ggWDYwVSAoY29kOiA1MDkgKQ==.jpeg
511;MENTITAS MENTA X 12 UND (cod 511 ).jpeg;/static/productos_img/MENTITAS MENTA X 12 UND (cod 511 ).jpeg;https://blending.com.ar/elproveedorvirtual/img/TUVOVElUQVMgTUVOVEEgWCAxMiBVTkQgKGNvZDogNTExICk=.jpeg
512;MENTITAS FRUTAL X 12 UND (cod 512 ).jpeg;/static/productos_img/MENTITAS FRUTAL X 12 UND (cod 512 ).jpeg;https://blending.com.ar/elproveedorvirtual/img/TUVOVElUQVMgRlJVVEFMIFggMTIgVU5EIChjb2Q6IDUxMiAp.jpeg
513;MENTITAS KIDS TUTTI FRUTTI X12U (cod 513 ).jpeg;/static/productos_img/MENTITAS KIDS TUTTI FRUTTI X12U (cod 513 ).jpeg;https://blending.com.ar/elproveedorvirtual/img/TUVOVElUQVMgS0lEUyBUVVRUSSBGUlVUVEkgWDEyVSAoY29kOiA1MTMgKQ==.jpeg
514;MENTITAS KIDS DULCE DE LECHE X 12 UND (cod 514 ).jpeg;/static/productos_img/MENTITAS KIDS DULCE DE LECHE X 12 UND (cod 514 ).jpeg;https://blending.com.ar/elproveedorvirtual/img/TUVOVElUQVMgS0lEUyBEVUxDRSBERSBMRUNIRSBYIDEyIFVORCAoY29kOiA1MTQgKQ==.jpeg
526;MENTHO PLUS MENTOL........x12u (cod 526 ).jpeg;/static/productos_img/MENTHO PLUS MENTOL........x12u (cod 526 ).jpeg;https://blending.com.ar/elproveedorvirtual/img/TUVOVEhPIFBMVVMgTUVOVE9MLi4uLi4uLi54MTJ1IChjb2Q6IDUyNiAp.jpeg
527;MENTHO PLUS STRONG........x12u (cod 527 ).jpeg;/static/productos_img/MENTHO PLUS STRONG........x12u (cod 527 ).jpeg;https://blending.com.ar/elproveedorvirtual/img/TUVOVEhPIFBMVVMgU1RST05HLi4uLi4uLi54MTJ1IChjb2Q6IDUyNyAp.jpeg
528;MENTHO PLUS MENTA.........x12u (cod 528 ).jpeg;/static/productos_img/MENTHO PLUS MENTA.........x12u (cod 528 ).jpeg;https://blending.com.ar/elproveedorvirtual/img/TUVOVEhPIFBMVVMgTUVOVEEuLi4uLi4uLi54MTJ1IChjb2Q6IDUyOCAp.jpeg
529;MENTHO PLUS CEREZA........x12u (cod 529 ).jpeg;/static/productos_img/MENTHO PLUS CEREZA........x12u (cod 529 ).jpeg;https://blending.com.ar/elproveedorvirtual/img/TUVOVEhPIFBMVVMgQ0VSRVpBLi4uLi4uLi54MTJ1IChjb2Q6IDUyOSAp.jpeg
530;MENTHO PLUS MIEL..........x12u (cod 530 ).jpeg;/static/productos_img/MENTHO PLUS MIEL..........x12u (cod 530 ).jpeg;https://blending.com.ar/elproveedorvirtual/img/TUVOVEhPIFBMVVMgTUlFTC4uLi4uLi4uLi54MTJ1IChjb2Q6IDUzMCAp.jpeg
600;MARSHMALLOW GONGYS STICK CAJAx216g 18UNID (cod 600 ).jpeg;/static/productos_img/MARSHMALLOW GONGYS STICK CAJAx216g 18UNID (cod 600 ).jpeg;https://blending.com.ar/elproveedorvirtual/img/TUFSU0hNQUxMT1cgR09OR1lTIFNUSUNLIENBSkF4MjE2ZyAxOFVOSUQgKGNvZDogNjAwICk=.jpeg
601;(28g)MARSHMALLOW GONGYS FRUTIL (cod 601 ).jpeg;/static/productos_img/(28g)MARSHMALLOW GONGYS FRUTIL (cod 601 ).jpeg;https://blending.com.ar/elproveedorvirtual/img/KDI4ZylNQVJTSE1BTExPVyBHT05HWVMgRlJVVElMIChjb2Q6IDYwMSAp.jpeg
602;(28g)MARSHMALLOW GONGYS NUBECI (cod 602 ).jpeg;/static/productos_img/(28g)MARSHMALLOW GONGYS NUBECI (cod 602 ).jpeg;https://blending.com.ar/elproveedorvirtual/img/KDI4ZylNQVJTSE1BTExPVyBHT05HWVMgTlVCRUNJIChjb2Q6IDYwMiAp.jpeg
603;(28g)MARSHMALLOW GONGYS....... (cod 603 ).jpeg;/static/productos_img/(28g)MARSHMALLOW GONGYS....... (cod 603 ).jpeg;https://blending.com.ar/elproveedorvirtual/img/KDI4ZylNQVJTSE1BTExPVyBHT05HWVMuLi4uLi4uIChjb2Q6IDYwMyAp.jpeg
700;CHOC TOKKE C LECHE Y MANI 62G (cod 700 ).jpeg;/static/productos_img/CHOC TOKKE C LECHE Y MANI 62G (cod 700 ).jpeg;https://blending.com.ar/elproveedorvirtual/img/Q0hPQyBUT0tLRSBDL0xFQ0hFIFkgTUFOSSA2MkcgKGNvZDogNzAwICk=.jpeg
701;CHOC.TOKKE RELLE.D LECHE..x72g (cod 701 ).jpeg;/static/productos_img/CHOC.TOKKE RELLE.D LECHE..x72g (cod 701 ).jpeg;https://blending.com.ar/elproveedorvirtual/img/Q0hPQy5UT0tLRSBSRUxMRS5EL0xFQ0hFLi54NzJnIChjb2Q6IDcwMSAp.jpeg
702;CHOCOLATE MISKY NGRO x25g (cod 702 ).jpeg;/static/productos_img/CHOCOLATE MISKY NGRO x25g (cod 702 ).jpeg;https://blending.com.ar/elproveedorvirtual/img/Q0hPQ09MQVRFIE1JU0tZICBOR1JPIHgyNWcgKGNvZDogNzAyICk=.jpeg
703;CHOCOLATE MISKY BCO x25g (cod 703 ).jpeg;/static/productos_img/CHOCOLATE MISKY BCO x25g (cod 703 ).jpeg;https://blending.com.ar/elproveedorvirtual/img/Q0hPQ09MQVRFIE1JU0tZICBCQ08geDI1ZyAoY29kOiA3MDMgKQ==.jpeg
704;ROCKLETS 24 X 20GS (cod 704 ).jpeg;/static/productos_img/ROCKLETS 24 X 20GS (cod 704 ).jpeg;https://blending.com.ar/elproveedorvirtual/img/Uk9DS0xFVFMgMjQgWCAyMEdTIChjb2Q6IDcwNCAp.jpeg
705;CHOC. C MANI COF. BLOCK 20X38GS (cod 705 ).jpeg;/static/productos_img/CHOC. C MANI COF. BLOCK 20X38GS (cod 705 ).jpeg;https://blending.com.ar/elproveedorvirtual/img/Q0hPQy4gQy9NQU5JIENPRi4gQkxPQ0sgMjBYMzhHUyAoY29kOiA3MDUgKQ==.jpeg
706;BOCADITO NEVARES DUL.D LECx15u (cod 706 ).jpeg;/static/productos_img/BOCADITO NEVARES DUL.D LECx15u (cod 706 ).jpeg;https://blending.com.ar/elproveedorvirtual/img/Qk9DQURJVE8gTkVWQVJFUyBEVUwuRC9MRUN4MTV1IChjb2Q6IDcwNiAp.jpeg
707;CREMA KROOMY SURTIDOS ( 48u ) (cod 707 ).jpeg;/static/productos_img/CREMA KROOMY SURTIDOS ( 48u ) (cod 707 ).jpeg;https://blending.com.ar/elproveedorvirtual/img/Q1JFTUEgS1JPT01ZIFNVUlRJRE9TICggNDh1ICkgKGNvZDogNzA3ICk=.jpeg
708;BONOBON OBLEA LECHE....20ux30g (cod 708 ).jpeg;/static/productos_img/BONOBON OBLEA LECHE....20ux30g (cod 708 ).jpeg;https://blending.com.ar/elproveedorvirtual/img/Qk9OT0JPTiBPQkxFQSBMRUNIRS4uLi4yMHV4MzBnIChjb2Q6IDcwOCAp.jpeg
709;SMACK BAR X12U (cod 709 ).jpeg;/static/productos_img/SMACK BAR X12U (cod 709 ).jpeg;https://blending.com.ar/elproveedorvirtual/img/U01BQ0sgQkFSIFgxMlUgKGNvZDogNzA5ICk=.jpeg
710;OBLEA SMACK RELLENA X33g (cod 710 ).jpeg;/static/productos_img/OBLEA SMACK RELLENA X33g (cod 710 ).jpeg;https://blending.com.ar/elproveedorvirtual/img/T0JMRUEgU01BQ0sgUkVMTEVOQSBYMzNnIChjb2Q6IDcxMCAp.jpeg
711;BOMBON VAUQUITA X 30u (cod 711 ).jpeg;/static/productos_img/BOMBON VAUQUITA X 30u (cod 711 ).jpeg;https://blending.com.ar/elproveedorvirtual/img/Qk9NQk9OIFZBVVFVSVRBIFggMzB1IChjb2Q6IDcxMSAp.jpeg
712;BOMBON SMACKX 30u (cod 712 ).jpeg;/static/productos_img/BOMBON SMACKX 30u (cod 712 ).jpeg;https://blending.com.ar/elproveedorvirtual/img/Qk9NQk9OIFNNQUNLWCAzMHUgKGNvZDogNzEyICk=.jpeg
713;BOMBONES BON O BON 30 X 15GS (cod 713 ).jpeg;/static/productos_img/BOMBONES BON O BON 30 X 15GS (cod 713 ).jpeg;https://blending.com.ar/elproveedorvirtual/img/Qk9NQk9ORVMgQk9OIE8gQk9OIDMwIFggMTVHUyAoY29kOiA3MTMgKQ==.jpeg
714;GUAYMALLEN TRIPLE CHOCOLATE (cod 714 ).jpeg;/static/productos_img/GUAYMALLEN TRIPLE CHOCOLATE (cod 714 ).jpeg;https://blending.com.ar/elproveedorvirtual/img/R1VBWU1BTExFTiBUUklQTEUgQ0hPQ09MQVRFIChjb2Q6IDcxNCAp.jpeg
714;BONOBON OBLEA BLANCO....20ux30g (cod 714 ).jpeg;/static/productos_img/BONOBON OBLEA BLANCO....20ux30g (cod 714 ).jpeg;https://blending.com.ar/elproveedorvirtual/img/Qk9OT0JPTiBPQkxFQSBCTEFOQ08uLi4uMjB1eDMwZyAoY29kOiA3MTQgKQ==.jpeg
715;GUAYMALLEN TRIPLE BLANCO (cod 715 ).jpeg;/static/productos_img/GUAYMALLEN TRIPLE BLANCO (cod 715 ).jpeg;https://blending.com.ar/elproveedorvirtual/img/R1VBWU1BTExFTiBUUklQTEUgQkxBTkNPIChjb2Q6IDcxNSAp.jpeg
716;GUAYMALLEN SIMPLE BLANCO (cod 716 ).jpeg;/static/productos_img/GUAYMALLEN SIMPLE BLANCO (cod 716 ).jpeg;https://blending.com.ar/elproveedorvirtual/img/R1VBWU1BTExFTiBTSU1QTEUgQkxBTkNPIChjb2Q6IDcxNiAp.jpeg
717;GUAYMALLEN SIMPLE CHOCOLATE (cod 717 ).jpeg;/static/productos_img/GUAYMALLEN SIMPLE CHOCOLATE (cod 717 ).jpeg;https://blending.com.ar/elproveedorvirtual/img/R1VBWU1BTExFTiBTSU1QTEUgQ0hPQ09MQVRFIChjb2Q6IDcxNyAp.jpeg
718;ALF FANTOCHE TRI.CHOCOLATEx85g (cod 718 ).jpeg;/static/productos_img/ALF FANTOCHE TRI.CHOCOLATEx85g (cod 718 ).jpeg;https://blending.com.ar/elproveedorvirtual/img/QUxGIEZBTlRPQ0hFIFRSSS5DSE9DT0xBVEV4ODVnIChjb2Q6IDcxOCAp.jpeg
719;ALF FANTOCHE TRIPLE BLANCO.x85g (cod 719 ).jpeg;/static/productos_img/ALF FANTOCHE TRIPLE BLANCO.x85g (cod 719 ).jpeg;https://blending.com.ar/elproveedorvirtual/img/QUxGIEZBTlRPQ0hFIFRSSVBMRSBCTEFOQ08ueDg1ZyAoY29kOiA3MTkgKQ==.jpeg
720;ALFAJOR RASTA NEGRO X 18U (cod 720 ).jpeg;/static/productos_img/ALFAJOR RASTA NEGRO X 18U (cod 720 ).jpeg;https://blending.com.ar/elproveedorvirtual/img/QUxGQUpPUiBSQVNUQSBORUdSTyBYIDE4VSAoY29kOiA3MjAgKQ==.jpeg
721;ALFAJOR RASTA BLANCO X 18U (cod 721 ).jpeg;/static/productos_img/ALFAJOR RASTA BLANCO X 18U (cod 721 ).jpeg;https://blending.com.ar/elproveedorvirtual/img/QUxGQUpPUiBSQVNUQSBCTEFOQ08gWCAxOFUgKGNvZDogNzIxICk=.jpeg
722;ALFAJOR GULA NEGRO X 18U (cod 722 ).jpeg;/static/productos_img/ALFAJOR GULA NEGRO X 18U (cod 722 ).jpeg;https://blending.com.ar/elproveedorvirtual/img/QUxGQUpPUiBHVUxBIE5FR1JPIFggMThVIChjb2Q6IDcyMiAp.jpeg
723;ALFAJOR GULA BLANCO X 18U (cod 723 ).jpeg;/static/productos_img/ALFAJOR GULA BLANCO X 18U (cod 723 ).jpeg;https://blending.com.ar/elproveedorvirtual/img/QUxGQUpPUiBHVUxBIEJMQU5DTyBYIDE4VSAoY29kOiA3MjMgKQ==.jpeg
724;ALFAJOR GULA KING RALLADO X 18U (cod 724 ).jpeg;/static/productos_img/ALFAJOR GULA KING RALLADO X 18U (cod 724 ).jpeg;https://blending.com.ar/elproveedorvirtual/img/QUxGQUpPUiBHVUxBIEtJTkcgUkFMTEFETyBYIDE4VSAoY29kOiA3MjQgKQ==.jpeg
728;ALF FANTOCHE SUPER TRIPLE NEGx100g (cod 728 ).jpeg;/static/productos_img/ALF FANTOCHE SUPER TRIPLE NEGx100g (cod 728 ).jpeg;https://blending.com.ar/elproveedorvirtual/img/QUxGIEZBTlRPQ0hFIFNVUEVSIFRSSVBMRSBORUd4MTAwZyAoY29kOiA3MjggKQ==.jpeg
729;ALFAJOR CHOCOTORTA 71,5 (cod 729 ).jpeg;/static/productos_img/ALFAJOR CHOCOTORTA 71,5 (cod 729 ).jpeg;https://blending.com.ar/elproveedorvirtual/img/QUxGQUpPUiBDSE9DT1RPUlRBIDcxLDUgKGNvZDogNzI5ICk=.jpeg
735;ALF BON O BON TRIPLE NEGROx60g (cod 735 ).jpeg;/static/productos_img/ALF BON O BON TRIPLE NEGROx60g (cod 735 ).jpeg;https://blending.com.ar/elproveedorvirtual/img/QUxGIEJPTiBPIEJPTiBUUklQTEUgTkVHUk94NjBnIChjb2Q6IDczNSAp.jpeg
736;ALF COFLER BLOCK TRIPLE...x60g (cod 736 ).jpeg;/static/productos_img/ALF COFLER BLOCK TRIPLE...x60g (cod 736 ).jpeg;https://blending.com.ar/elproveedorvirtual/img/QUxGIENPRkxFUiBCTE9DSyBUUklQTEUuLi54NjBnIChjb2Q6IDczNiAp.jpeg
737;ALF OREO TRIPLE...........x55g (cod 737 ).jpeg;/static/productos_img/ALF OREO TRIPLE...........x55g (cod 737 ).jpeg;https://blending.com.ar/elproveedorvirtual/img/QUxGIE9SRU8gVFJJUExFLi4uLi4uLi4uLi54NTVnIChjb2Q6IDczNyAp.jpeg
738;ALF PEPITOS TRIPLE........x57g (cod 738 ).jpeg;/static/productos_img/ALF PEPITOS TRIPLE........x57g (cod 738 ).jpeg;https://blending.com.ar/elproveedorvirtual/img/QUxGIFBFUElUT1MgVFJJUExFLi4uLi4uLi54NTdnIChjb2Q6IDczOCAp.jpeg
739;ALF RASTA MAICENA TRICOx100g (cod 739 ).jpeg;/static/productos_img/ALF RASTA MAICENA TRICOx100g (cod 739 ).jpeg;https://blending.com.ar/elproveedorvirtual/img/QUxGIFJBU1RBIE1BSUNFTkEgVFJJQ094MTAwZyAoY29kOiA3MzkgKQ==.jpeg
740;ALF PESCADO RAUL SIMPLE NEGRO.x50g (cod 740 ).jpeg;/static/productos_img/ALF PESCADO RAUL SIMPLE NEGRO.x50g (cod 740 ).jpeg;https://blending.com.ar/elproveedorvirtual/img/QUxGIFBFU0NBRE8gUkFVTCBTSU1QTEUgTkVHUk8ueDUwZyAoY29kOiA3NDAgKQ==.jpeg
741;ALF PESCADO RAUL SIMPLE BLANCO.x50g (cod 741 ).jpeg;/static/productos_img/ALF PESCADO RAUL SIMPLE BLANCO.x50g (cod 741 ).jpeg;https://blending.com.ar/elproveedorvirtual/img/QUxGIFBFU0NBRE8gUkFVTCBTSU1QTEUgQkxBTkNPLng1MGcgKGNvZDogNzQxICk=.jpeg
742;ALF MINI TORTA AGUILA.....x69g (cod 742 ).jpeg;/static/productos_img/ALF MINI TORTA AGUILA.....x69g (cod 742 ).jpeg;https://blending.com.ar/elproveedorvirtual/img/QUxGIE1JTkkgVE9SVEEgQUdVSUxBLi4uLi54NjlnIChjb2Q6IDc0MiAp.jpeg
743;ALF MINITOR.AGUILA BROWNIEx74g (cod 743 ).jpeg;/static/productos_img/ALF MINITOR.AGUILA BROWNIEx74g (cod 743 ).jpeg;https://blending.com.ar/elproveedorvirtual/img/QUxGIE1JTklUT1IuQUdVSUxBIEJST1dOSUV4NzRnIChjb2Q6IDc0MyAp.jpeg
751;TURRON MISKY (cod 751 ).jpeg;/static/productos_img/TURRON MISKY (cod 751 ).jpeg;https://blending.com.ar/elproveedorvirtual/img/VFVSUk9OIE1JU0tZIChjb2Q6IDc1MSAp.jpeg
760;CHOC.NUGATON LECHE........x27g (cod 760 ).jpeg;/static/productos_img/CHOC.NUGATON LECHE........x27g (cod 760 ).jpeg;https://blending.com.ar/elproveedorvirtual/img/Q0hPQy5OVUdBVE9OIExFQ0hFLi4uLi4uLi54MjdnIChjb2Q6IDc2MCAp.jpeg
761;MECANO....................x19g (cod 761 ).jpeg;/static/productos_img/MECANO....................x19g (cod 761 ).jpeg;https://blending.com.ar/elproveedorvirtual/img/TUVDQU5PLi4uLi4uLi4uLi4uLi4uLi4uLi54MTlnIChjb2Q6IDc2MSAp.jpeg
762;CREMA DUCREM DIP + CEREAL BAL 18unid (cod 762 ).jpeg;/static/productos_img/CREMA DUCREM DIP + CEREAL BAL 18unid (cod 762 ).jpeg;https://blending.com.ar/elproveedorvirtual/img/Q1JFTUEgRFVDUkVNIERJUCArIENFUkVBTCBCQUwgMTh1bmlkIChjb2Q6IDc2MiAp.jpeg
763;CREMA DUCREM DIP + GRANULETI 18unid (cod 763 ).jpeg;/static/productos_img/CREMA DUCREM DIP + GRANULETI 18unid (cod 763 ).jpeg;https://blending.com.ar/elproveedorvirtual/img/Q1JFTUEgRFVDUkVNIERJUCArIEdSQU5VTEVUSSAxOHVuaWQgKGNvZDogNzYzICk=.jpeg
800;GIRASOL PIPAS..........30ux18g (cod 800 ).jpeg;/static/productos_img/GIRASOL PIPAS..........30ux18g (cod 800 ).jpeg;https://blending.com.ar/elproveedorvirtual/img/R0lSQVNPTCBQSVBBUy4uLi4uLi4uLi4zMHV4MThnIChjb2Q6IDgwMCAp.jpeg
801;GIRASOL PIPAS GIGANTES.12ux50g (cod 801 ).jpeg;/static/productos_img/GIRASOL PIPAS GIGANTES.12ux50g (cod 801 ).jpeg;https://blending.com.ar/elproveedorvirtual/img/R0lSQVNPTCBQSVBBUyBHSUdBTlRFUy4xMnV4NTBnIChjb2Q6IDgwMSAp.jpeg
900;JUGO ARCOR POLVO NARANJA..x18u (cod 900 ).jpeg;/static/productos_img/JUGO ARCOR POLVO NARANJA..x18u (cod 900 ).jpeg;https://blending.com.ar/elproveedorvirtual/img/SlVHTyBBUkNPUiBQT0xWTyBOQVJBTkpBLi54MTh1IChjb2Q6IDkwMCAp.jpeg
901;JUGO ARCOR POLVO NARANJA DULCE..x18u (cod 901 ).jpeg;/static/productos_img/JUGO ARCOR POLVO NARANJA DULCE..x18u (cod 901 ).jpeg;https://blending.com.ar/elproveedorvirtual/img/SlVHTyBBUkNPUiBQT0xWTyBOQVJBTkpBIERVTENFLi54MTh1IChjb2Q6IDkwMSAp.jpeg
902;JUGO ARCOR POLVO NARAN.DURAZNOx18u (cod 902 ).jpeg;/static/productos_img/JUGO ARCOR POLVO NARAN.DURAZNOx18u (cod 902 ).jpeg;https://blending.com.ar/elproveedorvirtual/img/SlVHTyBBUkNPUiBQT0xWTyBOQVJBTi5EVVJBWk5PeDE4dSAoY29kOiA5MDIgKQ==.jpeg
903;JUGO ARCOR POLVO MANZANA..x18u (cod 903 ).jpeg;/static/productos_img/JUGO ARCOR POLVO MANZANA..x18u (cod 903 ).jpeg;https://blending.com.ar/elproveedorvirtual/img/SlVHTyBBUkNPUiBQT0xWTyBNQU5aQU5BLi54MTh1IChjb2Q6IDkwMyAp.jpeg
904;JUGO ARCOR POLVO MULTIFRUTx18u (cod 904 ).jpeg;/static/productos_img/JUGO ARCOR POLVO MULTIFRUTx18u (cod 904 ).jpeg;https://blending.com.ar/elproveedorvirtual/img/SlVHTyBBUkNPUiBQT0xWTyBNVUxUSUZSVVR4MTh1IChjb2Q6IDkwNCAp.jpeg
905;JUGO ARCOR POLVO LIMONADA.x18u (cod 905 ).jpeg;/static/productos_img/JUGO ARCOR POLVO LIMONADA.x18u (cod 905 ).jpeg;https://blending.com.ar/elproveedorvirtual/img/SlVHTyBBUkNPUiBQT0xWTyBMSU1PTkFEQS54MTh1IChjb2Q6IDkwNSAp.jpeg
906;JUGO ARCOR POLVO FRUT ANANA BANANA (cod 906 ).jpeg;/static/productos_img/JUGO ARCOR POLVO FRUT ANANA BANANA (cod 906 ).jpeg;https://blending.com.ar/elproveedorvirtual/img/SlVHTyBBUkNPUiBQT0xWTyBGUlVUL0FOQU5BL0JBTkFOQSAoY29kOiA5MDYgKQ==.jpeg
907;JUGO ARCOR POLVO NARANJA BANANA.x18u (cod 907 ).jpeg;/static/productos_img/JUGO ARCOR POLVO NARANJA BANANA.x18u (cod 907 ).jpeg;https://blending.com.ar/elproveedorvirtual/img/SlVHTyBBUkNPUiBQT0xWTyBOQVJBTkpBIEJBTkFOQS54MTh1IChjb2Q6IDkwNyAp.jpeg
908;JUGO ARCOR POLVO ANANA.x18u (cod 908 ).jpeg;/static/productos_img/JUGO ARCOR POLVO ANANA.x18u (cod 908 ).jpeg;https://blending.com.ar/elproveedorvirtual/img/SlVHTyBBUkNPUiBQT0xWTyBBTkFOQS54MTh1IChjb2Q6IDkwOCAp.jpeg
909;JUGO ARCOR POLVO NARANJA MANGO.x18u (cod 909 ).jpeg;/static/productos_img/JUGO ARCOR POLVO NARANJA MANGO.x18u (cod 909 ).jpeg;https://blending.com.ar/elproveedorvirtual/img/SlVHTyBBUkNPUiBQT0xWTyBOQVJBTkpBIE1BTkdPLngxOHUgKGNvZDogOTA5ICk=.jpeg
910;JUGO ARCOR POLVO POM.ROSADx18u (cod 910 ).jpeg;/static/productos_img/JUGO ARCOR POLVO POM.ROSADx18u (cod 910 ).jpeg;https://blending.com.ar/elproveedorvirtual/img/SlVHTyBBUkNPUiBQT0xWTyBQT00uUk9TQUR4MTh1IChjb2Q6IDkxMCAp.jpeg
911;JUGO ARCOR POLVO DURAZNO..x18u (cod 911 ).jpeg;/static/productos_img/JUGO ARCOR POLVO DURAZNO..x18u (cod 911 ).jpeg;https://blending.com.ar/elproveedorvirtual/img/SlVHTyBBUkNPUiBQT0xWTyBEVVJBWk5PLi54MTh1IChjb2Q6IDkxMSAp.jpeg
918;CERVEZA 361 PET............x1l (cod 918 ).jpeg;/static/productos_img/CERVEZA 361 PET............x1l (cod 918 ).jpeg;https://blending.com.ar/elproveedorvirtual/img/Q0VSVkVaQSAzNjEgUEVULi4uLi4uLi4uLi4ueDFsIChjb2Q6IDkxOCAp.jpeg
931;BAGGIO DURAZNO...........x200m (cod 931 ).jpeg;/static/productos_img/BAGGIO DURAZNO...........x200m (cod 931 ).jpeg;https://blending.com.ar/elproveedorvirtual/img/QkFHR0lPIERVUkFaTk8uLi4uLi4uLi4uLngyMDBtIChjb2Q6IDkzMSAp.jpeg
932;BAGGIO MANZANA...........x200m (cod 932 ).jpeg;/static/productos_img/BAGGIO MANZANA...........x200m (cod 932 ).jpeg;https://blending.com.ar/elproveedorvirtual/img/QkFHR0lPIE1BTlpBTkEuLi4uLi4uLi4uLngyMDBtIChjb2Q6IDkzMiAp.jpeg
933;BAGGIO NARANJA...........x200m (cod 933 ).jpeg;/static/productos_img/BAGGIO NARANJA...........x200m (cod 933 ).jpeg;https://blending.com.ar/elproveedorvirtual/img/QkFHR0lPIE5BUkFOSkEuLi4uLi4uLi4uLngyMDBtIChjb2Q6IDkzMyAp.jpeg
934;BAGGIO MULTIFRUTAL.......x200m (cod 934 ).jpeg;/static/productos_img/BAGGIO MULTIFRUTAL.......x200m (cod 934 ).jpeg;https://blending.com.ar/elproveedorvirtual/img/QkFHR0lPIE1VTFRJRlJVVEFMLi4uLi4uLngyMDBtIChjb2Q6IDkzNCAp.jpeg
936;LECHE CHOCOLATADA BAGGIO.x200m (cod 936 ).jpeg;/static/productos_img/LECHE CHOCOLATADA BAGGIO.x200m (cod 936 ).jpeg;https://blending.com.ar/elproveedorvirtual/img/TEVDSEUgQ0hPQ09MQVRBREEgQkFHR0lPLngyMDBtIChjb2Q6IDkzNiAp.jpeg
937;LECHE CHOCOLATADA FANTOCHE.....x200m (cod 937 ).jpeg;/static/productos_img/LECHE CHOCOLATADA FANTOCHE.....x200m (cod 937 ).jpeg;https://blending.com.ar/elproveedorvirtual/img/TEVDSEUgQ0hPQ09MQVRBREEgRkFOVE9DSEUuLi4uLngyMDBtIChjb2Q6IDkzNyAp.jpeg
960;MANI TARRO CERVECERO ORIGINAL (cod 960 ).jpeg;/static/productos_img/MANI TARRO CERVECERO ORIGINAL (cod 960 ).jpeg;https://blending.com.ar/elproveedorvirtual/img/TUFOSSBUQVJSTyBDRVJWRUNFUk8gT1JJR0lOQUwgKGNvZDogOTYwICk=.jpeg
961;MANI TARRO CERVECERO PIZZA (cod 961 ).jpeg;/static/productos_img/MANI TARRO CERVECERO PIZZA (cod 961 ).jpeg;https://blending.com.ar/elproveedorvirtual/img/TUFOSSBUQVJSTyBDRVJWRUNFUk8gUElaWkEgKGNvZDogOTYxICk=.jpeg
962;MANI TARRO CERVECERO JAMON (cod 962 ).jpeg;/static/productos_img/MANI TARRO CERVECERO JAMON (cod 962 ).jpeg;https://blending.com.ar/elproveedorvirtual/img/TUFOSSBUQVJSTyBDRVJWRUNFUk8gSkFNT04gKGNvZDogOTYyICk=.jpeg
963;MANI TARRO CERVECERO SALAME (cod 963 ).jpeg;/static/productos_img/MANI TARRO CERVECERO SALAME (cod 963 ).jpeg;https://blending.com.ar/elproveedorvirtual/img/TUFOSSBUQVJSTyAgQ0VSVkVDRVJPIFNBTEFNRSAoY29kOiA5NjMgKQ==.jpeg
964;MANI TARRO CERVECERO QUESO (cod 964 ).jpeg;/static/productos_img/MANI TARRO CERVECERO QUESO (cod 964 ).jpeg;https://blending.com.ar/elproveedorvirtual/img/TUFOSSBUQVJSTyBDRVJWRUNFUk8gUVVFU08gKGNvZDogOTY0ICk=.jpeg
965;MANI TARRO CERVECERO PROVENZAL (cod 965 ).jpeg;/static/productos_img/MANI TARRO CERVECERO PROVENZAL (cod 965 ).jpeg;https://blending.com.ar/elproveedorvirtual/img/TUFOSSBUQVJSTyBDRVJWRUNFUk8gUFJPVkVOWkFMIChjb2Q6IDk2NSAp.jpeg
968;MANI TARRO CON PIEL (cod 968 ).jpeg;/static/productos_img/MANI TARRO CON PIEL (cod 968 ).jpeg;https://blending.com.ar/elproveedorvirtual/img/TUFOSSBUQVJSTyBDT04gUElFTCAoY29kOiA5NjggKQ==.jpeg
969;MANI TARRO SIN PIEL (cod 969 ).jpeg;/static/productos_img/MANI TARRO SIN PIEL (cod 969 ).jpeg;https://blending.com.ar/elproveedorvirtual/img/TUFOSSBUQVJSTyBTSU4gUElFTCAoY29kOiA5NjkgKQ==.jpeg
970;MANI CON CASCARA (cod 970 ).jpeg;/static/productos_img/MANI CON CASCARA (cod 970 ).jpeg;https://blending.com.ar/elproveedorvirtual/img/TUFOSSBDT04gQ0FTQ0FSQSAoY29kOiA5NzAgKQ==.jpeg
972;MANI TARRO SIN PIEL SIN SAL (cod 972 ).jpeg;/static/productos_img/MANI TARRO SIN PIEL SIN SAL (cod 972 ).jpeg;https://blending.com.ar/elproveedorvirtual/img/TUFOSSBUQVJSTyBTSU4gUElFTCAiU0lOIFNBTCIgKGNvZDogOTcyICk=.jpeg
980;PAPAS FRITAS COPETIN PEÑA 1KG (cod 980 ).jpeg;/static/productos_img/PAPAS FRITAS COPETIN PEÑA 1KG (cod 980 ).jpeg;https://blending.com.ar/elproveedorvirtual/img/UEFQQVMgRlJJVEFTIENPUEVUSU4gUEXDkUEgIjFLRyIgKGNvZDogOTgwICk=.jpeg
1000;MAGDAL DON SATUR REL.D LEx250g (cod 1000 ).jpeg;/static/productos_img/MAGDAL DON SATUR REL.D LEx250g (cod 1000 ).jpeg;https://blending.com.ar/elproveedorvirtual/img/TUFHREFMIERPTiBTQVRVUiBSRUwuRC9MRXgyNTBnIChjb2Q6IDEwMDAgKQ==.jpeg
1001;MAGDAL DON SATUR VAINILLAx250g (cod 1001 ).jpeg;/static/productos_img/MAGDAL DON SATUR VAINILLAx250g (cod 1001 ).jpeg;https://blending.com.ar/elproveedorvirtual/img/TUFHREFMIERPTiBTQVRVUiBWQUlOSUxMQXgyNTBnIChjb2Q6IDEwMDEgKQ==.jpeg
1002;MAGDAL DON SATUR MARMOLADx250g (cod 1002 ).jpeg;/static/productos_img/MAGDAL DON SATUR MARMOLADx250g (cod 1002 ).jpeg;https://blending.com.ar/elproveedorvirtual/img/TUFHREFMIERPTiBTQVRVUiBNQVJNT0xBRHgyNTBnIChjb2Q6IDEwMDIgKQ==.jpeg
1003;MAGD DON SATUR CHOC D D Lx250g (cod 1003 ).jpeg;/static/productos_img/MAGD DON SATUR CHOC D D Lx250g (cod 1003 ).jpeg;https://blending.com.ar/elproveedorvirtual/img/TUFHRCBET04gU0FUVVIgQ0hPQy9EL0QvTHgyNTBnIChjb2Q6IDEwMDMgKQ==.jpeg
1004;MAGDAL DON SATUR C CHIPS.x250g (cod 1004 ).jpeg;/static/productos_img/MAGDAL DON SATUR C CHIPS.x250g (cod 1004 ).jpeg;https://blending.com.ar/elproveedorvirtual/img/TUFHREFMIERPTiBTQVRVUiBDL0NISVBTLngyNTBnIChjb2Q6IDEwMDQgKQ==.jpeg
1010;DON SATUR BIZCOCH.GRASA x200g (cod 1010 ).jpeg;/static/productos_img/DON SATUR BIZCOCH.GRASA x200g (cod 1010 ).jpeg;https://blending.com.ar/elproveedorvirtual/img/RE9OIFNBVFVSIEJJWkNPQ0guR1JBU0EgeDIwMGcgKGNvZDogMTAxMCAp.jpeg
1011;DON SATUR BIZCOCHO DULCE.x200g (cod 1011 ).jpeg;/static/productos_img/DON SATUR BIZCOCHO DULCE.x200g (cod 1011 ).jpeg;https://blending.com.ar/elproveedorvirtual/img/RE9OIFNBVFVSIEJJWkNPQ0hPIERVTENFLngyMDBnIChjb2Q6IDEwMTEgKQ==.jpeg
1012;DON SATUR BIZCOCH.NEGRITOx200g (cod 1012 ).jpeg;/static/productos_img/DON SATUR BIZCOCH.NEGRITOx200g (cod 1012 ).jpeg;https://blending.com.ar/elproveedorvirtual/img/RE9OIFNBVFVSIEJJWkNPQ0guTkVHUklUT3gyMDBnIChjb2Q6IDEwMTIgKQ==.jpeg
1014;GALL TRIO PEPAS..........x320g (cod 1014 ).jpeg;/static/productos_img/GALL TRIO PEPAS..........x320g (cod 1014 ).jpeg;https://blending.com.ar/elproveedorvirtual/img/R0FMTCBUUklPIFBFUEFTLi4uLi4uLi4uLngzMjBnIChjb2Q6IDEwMTQgKQ==.jpeg
1015;GALL TRIO PEPAS C CHIPS..x300g (cod 1015 ).jpeg;/static/productos_img/GALL TRIO PEPAS C CHIPS..x300g (cod 1015 ).jpeg;https://blending.com.ar/elproveedorvirtual/img/R0FMTCBUUklPIFBFUEFTIEMvQ0hJUFMuLngzMDBnIChjb2Q6IDEwMTUgKQ==.jpeg
1017;GALL TRIO TRICHOC........x300g (cod 1017 ).jpeg;/static/productos_img/GALL TRIO TRICHOC........x300g (cod 1017 ).jpeg;https://blending.com.ar/elproveedorvirtual/img/R0FMTCBUUklPIFRSSUNIT0MuLi4uLi4uLngzMDBnIChjb2Q6IDEwMTcgKQ==.jpeg
1018;GALL TRIO GLASY..........x300g (cod 1018 ).jpeg;/static/productos_img/GALL TRIO GLASY..........x300g (cod 1018 ).jpeg;https://blending.com.ar/elproveedorvirtual/img/R0FMTCBUUklPIEdMQVNZLi4uLi4uLi4uLngzMDBnIChjb2Q6IDEwMTggKQ==.jpeg
1022;.9 DE ORO GRASA (cod 1022 ).jpeg;/static/productos_img/.9 DE ORO GRASA (cod 1022 ).jpeg;https://blending.com.ar/elproveedorvirtual/img/LjkgREUgT1JPIEdSQVNBIChjb2Q6IDEwMjIgKQ==.jpeg
1023;.9 DE ORO AGRIDULCE (cod 1023 ).jpeg;/static/productos_img/.9 DE ORO AGRIDULCE (cod 1023 ).jpeg;https://blending.com.ar/elproveedorvirtual/img/LjkgREUgT1JPIEFHUklEVUxDRSAoY29kOiAxMDIzICk=.jpeg
1024;.9 DE ORO AZUCARADO (cod 1024 ).jpeg;/static/productos_img/.9 DE ORO AZUCARADO (cod 1024 ).jpeg;https://blending.com.ar/elproveedorvirtual/img/LjkgREUgT1JPIEFaVUNBUkFETyAoY29kOiAxMDI0ICk=.jpeg
1029;VARIEDAD.................x390g (cod 1029 ).jpeg;/static/productos_img/VARIEDAD.................x390g (cod 1029 ).jpeg;https://blending.com.ar/elproveedorvirtual/img/VkFSSUVEQUQuLi4uLi4uLi4uLi4uLi4uLngzOTBnIChjb2Q6IDEwMjkgKQ==.jpeg
1030;SURTIDO BAGLEY...........x400g (cod 1030 ).jpeg;/static/productos_img/SURTIDO BAGLEY...........x400g (cod 1030 ).jpeg;https://blending.com.ar/elproveedorvirtual/img/U1VSVElETyBCQUdMRVkuLi4uLi4uLi4uLng0MDBnIChjb2Q6IDEwMzAgKQ==.jpeg
1031;GALL.DIVERSION SURTIDA...x400g (cod 1031 ).jpeg;/static/productos_img/GALL.DIVERSION SURTIDA...x400g (cod 1031 ).jpeg;https://blending.com.ar/elproveedorvirtual/img/R0FMTC5ESVZFUlNJT04gU1VSVElEQS4uLng0MDBnIChjb2Q6IDEwMzEgKQ==.jpeg
1032;GALL LA PROVIDENCIA TRIP.x303g (cod 1032 ).jpeg;/static/productos_img/GALL LA PROVIDENCIA TRIP.x303g (cod 1032 ).jpeg;https://blending.com.ar/elproveedorvirtual/img/R0FMTCBMQSBQUk9WSURFTkNJQSBUUklQLngzMDNnIChjb2Q6IDEwMzIgKQ==.jpeg
1033;SERRANITAS OFERTA 14 X 3 X 315g (cod 1033 ).jpeg;/static/productos_img/SERRANITAS OFERTA 14 X 3 X 315g (cod 1033 ).jpeg;https://blending.com.ar/elproveedorvirtual/img/U0VSUkFOSVRBUyBPRkVSVEEgMTQgWCAzICBYIDMxNWcgKGNvZDogMTAzMyAp.jpeg
1034;SERRANAS SANDWICH 16 X 3 X 112GR (cod 1034 ).jpeg;/static/productos_img/SERRANAS SANDWICH 16 X 3 X 112GR (cod 1034 ).jpeg;https://blending.com.ar/elproveedorvirtual/img/U0VSUkFOQVMgU0FORFdJQ0ggMTYgWCAzIFggMTEyR1IgKGNvZDogMTAzNCAp.jpeg
1100;PAPEL DRPIN CELLULOSE.... (cod 1100 ).jpeg;/static/productos_img/PAPEL DRPIN CELLULOSE.... (cod 1100 ).jpeg;https://blending.com.ar/elproveedorvirtual/img/UEFQRUwgRFJQSU4gQ0VMTFVMT1NFLi4uLiAoY29kOiAxMTAwICk=.jpeg
1111;MENTITAS KIDS (((SURTIDAS))) X 12 UND (cod 1111 ).jpeg;/static/productos_img/MENTITAS KIDS (((SURTIDAS))) X 12 UND (cod 1111 ).jpeg;https://blending.com.ar/elproveedorvirtual/img/TUVOVElUQVMgS0lEUyAoKChTVVJUSURBUykpKSBYIDEyIFVORCAoY29kOiAxMTExICk=.jpeg
1120;ENC COCINA CANDELA CLASICO x25 (cod 1120 ).jpeg;/static/productos_img/ENC COCINA CANDELA CLASICO x25 (cod 1120 ).jpeg;https://blending.com.ar/elproveedorvirtual/img/RU5DIENPQ0lOQSBDQU5ERUxBIENMQVNJQ08geDI1IChjb2Q6IDExMjAgKQ==.jpeg
1121;ENC COCINA ECONOMICO TRANSPARENTE x 25 unid (cod 1121 ).jpeg;/static/productos_img/ENC COCINA ECONOMICO TRANSPARENTE x 25 unid (cod 1121 ).jpeg;https://blending.com.ar/elproveedorvirtual/img/RU5DIENPQ0lOQSBFQ09OT01JQ08gVFJBTlNQQVJFTlRFIHggMjUgdW5pZCAoY29kOiAxMTIxICk=.jpeg
1212;MENTITAS (((SURTIDAS))) X 12 UND (cod 1212 ).jpeg;/static/productos_img/MENTITAS (((SURTIDAS))) X 12 UND (cod 1212 ).jpeg;https://blending.com.ar/elproveedorvirtual/img/TUVOVElUQVMgKCgoU1VSVElEQVMpKSkgWCAxMiBVTkQgKGNvZDogMTIxMiAp.jpeg
2222;PASTILLAS BULL DOG MIX (((SURTIDAS))) X12U (cod 2222 ).jpeg;/static/productos_img/PASTILLAS BULL DOG MIX (((SURTIDAS))) X12U (cod 2222 ).jpeg;https://blending.com.ar/elproveedorvirtual/img/UEFTVElMTEFTIEJVTEwgRE9HIE1JWCAoKChTVVJUSURBUykpKSBYMTJVIChjb2Q6IDIyMjIgKQ==.jpeg
3333;GOMA BULL DOG.REGALIZ (((SURTIDAS))).CJAx12u (cod 3333 ).jpeg;/static/productos_img/GOMA BULL DOG.REGALIZ (((SURTIDAS))).CJAx12u (cod 3333 ).jpeg;https://blending.com.ar/elproveedorvirtual/img/R09NQSBCVUxMIERPRy5SRUdBTElaICgoKFNVUlRJREFTKSkpLkNKQXgxMnUgKGNvZDogMzMzMyAp.jpeg
4444;YUMMY (((SURTIDAS))) X 12 UND (cod 4444 ).jpeg;/static/productos_img/YUMMY (((SURTIDAS))) X 12 UND (cod 4444 ).jpeg;https://blending.com.ar/elproveedorvirtual/img/WVVNTVkgICgoKFNVUlRJREFTKSkpIFggMTIgVU5EIChjb2Q6IDQ0NDQgKQ==.jpeg
6886;MENTHO PLUS ((SURTIDO))......x12u (cod 6886 ).jpeg;/static/productos_img/MENTHO PLUS ((SURTIDO))......x12u (cod 6886 ).jpeg;https://blending.com.ar/elproveedorvirtual/img/TUVOVEhPIFBMVVMgKChTVVJUSURPKSkuLi4uLi54MTJ1IChjb2Q6IDY4ODYgKQ==.jpeg
7076;BELDENT FRESH SPARKS SURTIDO (cod 7076 ).jpeg;/static/productos_img/BELDENT FRESH SPARKS SURTIDO (cod 7076 ).jpeg;https://blending.com.ar/elproveedorvirtual/img/QkVMREVOVCBGUkVTSCBTUEFSS1MgU1VSVElETyAoY29kOiA3MDc2ICk=.jpeg
28288;CAR.FLYNN PAFF TUTTI BOLSx504g (cod 28288 ).jpeg;/static/productos_img/CAR.FLYNN PAFF TUTTI BOLSx504g (cod 28288 ).jpeg;https://blending.com.ar/elproveedorvirtual/img/Q0FSLkZMWU5OIFBBRkYgVFVUVEkgQk9MU3g1MDRnIChjb2Q6IDI4Mjg4ICk=.jpeg
29508;MAST.RICOMAS FRUTIL LIMONx280g (cod 29508 ).jpeg;/static/productos_img/MAST.RICOMAS FRUTIL LIMONx280g (cod 29508 ).jpeg;https://blending.com.ar/elproveedorvirtual/img/TUFTVC5SSUNPTUFTIEZSVVRJTC9MSU1PTngyODBnIChjb2Q6IDI5NTA4ICk=.jpeg
